{
	"credit": "Made with Blockbench",
	"textures": {
		"0": "./dubina",
		"particle": "./dubina"
	},
	"elements": [
		{
			"from": [7, 0, 8],
			"to": [9, 28, 10],
			"rotation": {"angle": 0, "axis": "y", "origin": [16, 8, 16]},
			"faces": {
				"north": {"uv": [0, 0, 2, 14], "texture": "#0"},
				"east": {"uv": [0, 0, 2, 14], "texture": "#0"},
				"south": {"uv": [0, 0, 2, 14], "texture": "#0"},
				"west": {"uv": [0, 0, 2, 14], "texture": "#0"},
				"up": {"uv": [0, 0, 2, 2], "texture": "#0"},
				"down": {"uv": [0, 0, 2, 2], "texture": "#0"}
			}
		},
		{
			"from": [7, 7, 3],
			"to": [9, 9, 8],
			"rotation": {"angle": 0, "axis": "y", "origin": [15, 15, 15]},
			"faces": {
				"north": {"uv": [7, 14, 9, 16], "texture": "#0"},
				"east": {"uv": [11, 14, 16, 16], "texture": "#0"},
				"south": {"uv": [0, 0, 2, 2], "texture": "#0"},
				"west": {"uv": [0, 14, 5, 16], "texture": "#0"},
				"up": {"uv": [13, 11, 15, 16], "texture": "#0"},
				"down": {"uv": [13, 7, 15, 12], "texture": "#0"}
			}
		}
	],
	"display": {
		"thirdperson_righthand": {
			"translation": [0, 1.25, 0.75],
			"scale": [0.6, 0.6, 0.6]
		},
		"thirdperson_lefthand": {
			"translation": [0, 0.75, 0.75],
			"scale": [0.6, 0.6, 0.6]
		},
		"firstperson_righthand": {
			"translation": [0.5, 2.5, 0],
			"scale": [0.6, 0.6, 0.6]
		},
		"firstperson_lefthand": {
			"rotation": [0, -11, 0],
			"translation": [1.25, 2.25, 0],
			"scale": [-0.6, 0.6, 0.6]
		},
		"ground": {
			"rotation": [0, 0, -90],
			"translation": [-2.5, -1, 0],
			"scale": [0.34, 0.34, 0.34]
		},
		"gui": {
			"rotation": [4, 29, 39],
			"translation": [1.75, -2.75, 0],
			"scale": [0.6, 0.6, 0.6]
		},
		"fixed": {
			"translation": [0, 0, -1]
		}
	}
}