{
  "config_version": 4,
  "loadbuiltin": false,
  "quark": false,
  "dark": true,
  "oldChooseWheel": false,
  "perspective": true,
  "default3rdPersonFront": false,
  "showicon": true,
  "enableNSFW": false,
  "debug": true,
  "validate": false,
  "validationThreshold": 8.0,
  "emotesFolderOnLogicalServer": false,
  "emotesDirectory": "emotes",
  "autoFixEmoteStop": true,
  "alwaysValidateEmote": false,
  "playersafety": true,
  "stopthreshold": 2980.958,
  "yratio": 0.75,
  "showHiddenConfig": false,
  "neverRemoveBadIcon": false,
  "exportBuiltin": false,
  "hideWarning": false,
  "fastmenu": {
    "0": {
      "0": "350f586d-0000-0000-0000-000000000000",
      "1": "cb6327cd-0000-0000-0000-000000000000",
      "2": "4c42595a-0000-0000-0000-000000000000",
      "3": "9daabc1c-0000-0000-0000-000000000000",
      "4": "35ba8cc4-0000-0000-0000-000000000000",
      "5": "c86baa54-0000-0000-0000-000000000000",
      "6": "769a1b20-0000-0000-0000-000000000000",
      "7": "3dedbd98-0000-0000-0000-000000000000"
    }
  },
  "keys": {
    "e1fbc4eb-0000-0000-0000-000000000000": "key.keyboard.keypad.1",
    "529dad66-0000-0000-0000-000000000000": "key.keyboard.right",
    "17b5828e-0000-0000-0000-000000000000": "key.keyboard.keypad.4",
    "c1970165-0000-0000-0000-000000000000": "key.keyboard.up",
    "c41442ee-0000-0000-0000-000000000000": "key.keyboard.left",
    "1bfcf540-0000-0000-0000-000000000000": "key.keyboard.down",
    "38e2e736-0000-0000-0000-000000000000": "key.keyboard.keypad.2",
    "5936a455-0000-0000-0000-000000000000": "key.keyboard.keypad.5"
  }
}