{
  "animation_settings": {
    "animation": false,
    "water": false,
    "lava": false,
    "fire": false,
    "portal": false,
    "block_animations": false
  },
  "particle_settings": {
    "particles": false,
    "rain_splash": false,
    "block_break": false,
    "block_breaking": false,
    "other": {
      "minecraft:barrier": false,
      "minecraft:dripping_honey": false,
      "minecraft:dripping_lava": false,
      "minecraft:dripping_obsidian_tear": false,
      "minecraft:falling_honey": false,
      "minecraft:falling_lava": false,
      "minecraft:falling_obsidian_tear": false,
      "minecraft:falling_water": false,
      "minecraft:firework": false,
      "minecraft:landing_honey": false,
      "minecraft:landing_lava": false,
      "minecraft:landing_obsidian_tear": false,
      "minecraft:nautilus": false,
      "minecraft:poof": false,
      "minecraft:totem_of_undying": false,
      "minecraft:crimson_spore": false,
      "minecraft:explosion_emitter": false,
      "minecraft:splash": false,
      "minecraft:underwater": false,
      "minecraft:sweep_attack": false,
      "minecraft:explosion": false,
      "minecraft:current_down": false,
      "minecraft:lava": false,
      "minecraft:flash": false,
      "minecraft:happy_villager": false,
      "minecraft:large_smoke": false,
      "minecraft:elder_guardian": false,
      "minecraft:smoke": false,
      "minecraft:campfire_cosy_smoke": false,
      "minecraft:dragon_breath": false,
      "minecraft:enchanted_hit": false,
      "minecraft:angry_villager": false,
      "minecraft:enchant": false,
      "minecraft:warped_spore": false,
      "minecraft:dripping_water": false,
      "minecraft:rain": false,
      "minecraft:composter": false,
      "minecraft:crit": false,
      "minecraft:bubble_pop": false,
      "minecraft:witch": false,
      "minecraft:damage_indicator": false,
      "minecraft:note": false,
      "minecraft:falling_dust": false,
      "minecraft:flame": false,
      "minecraft:soul_fire_flame": false,
      "minecraft:spit": false,
      "minecraft:item_snowball": false,
      "minecraft:portal": false,
      "minecraft:bubble_column_up": false,
      "minecraft:heart": false,
      "minecraft:reverse_portal": false,
      "minecraft:item_slime": false,
      "minecraft:effect": false,
      "minecraft:bubble": false,
      "minecraft:dust": false,
      "minecraft:falling_nectar": false,
      "minecraft:item": false,
      "minecraft:fishing": false,
      "minecraft:white_ash": false,
      "minecraft:campfire_signal_smoke": false,
      "minecraft:dolphin": false,
      "minecraft:cloud": false,
      "minecraft:instant_effect": false,
      "minecraft:mycelium": false,
      "minecraft:end_rod": false,
      "minecraft:ash": false,
      "minecraft:block": false,
      "minecraft:soul": false,
      "minecraft:squid_ink": false,
      "minecraft:sneeze": false,
      "minecraft:entity_effect": false,
      "minecraft:ambient_entity_effect": false
    }
  },
  "detail_settings": {
    "sky": false,
    "sun_moon": false,
    "stars": false,
    "rain_snow": false,
    "biome_colors": false,
    "sky_colors": false
  },
  "render_settings": {
    "fog_distance": 0,
    "light_updates": true,
    "item_frame": true,
    "armor_stand": true,
    "painting": true,
    "piston": true,
    "beacon_beam": true,
    "enchanting_table_book": true,
    "item_frame_name_tag": true,
    "player_name_tag": true
  },
  "extra_settings": {
    "overlay_corner": "TOP_LEFT",
    "text_contrast": "NONE",
    "show_fps": true,
    "show_f_p_s_extended": false,
    "show_coords": true,
    "reduce_resolution_on_mac": true,
    "use_adaptive_sync": false,
    "cloud_height": 128,
    "toasts": true,
    "instant_sneak": false,
    "prevent_shaders": false,
    "use_fast_random": true
  },
  "notification_settings": {
    "hide_r_s_o_recommendation": false
  }
}