{
  "config_version": 4,
  "loadbuiltin": true,
  "quark": false,
  "dark": true,
  "perspective": true,
  "default3rdPersonFront": false,
  "showicon": true,
  "enableNSFW": false,
  "debug": true,
  "validate": false,
  "validationThreshold": 8.0,
  "emotesFolderOnLogicalServer": false,
  "emotesDirectory": "emotes",
  "alwaysValidateEmote": false,
  "playersafety": true,
  "stopthreshold": 2980.958,
  "yratio": 0.75,
  "showHiddenConfig": false,
  "neverRemoveBadIcon": false,
  "exportBuiltin": false,
  "hideWarning": false,
  "fastmenu": {
    "0": "c0000000-0000-0000-fefe-214c20000000",
    "1": "00000000-5c83-dc9a-fe57-daea5c000000",
    "2": "11800000-0000-0000-005d-28b024000000",
    "3": "e9c00000-0000-0000-7b8f-ae8000000000",
    "4": "b7a2c740-0000-0000-feed-f3eca8000000",
    "5": "5a15a800-0000-0000-0197-debeac000000",
    "6": "fffffff9-c20a-b470-00fd-a67768000000",
    "7": "fffffffd-a14d-6420-0140-bdba60000000"
  },
  "keys": {}
}