{
	"credit": "Made by AquaDayk",
	"textures": {
		"0": "shield",
		"particle": "shield"
	},
	"elements": [
		{
			"name": "hexadecagon",
			"from": [8.15054, 0.925, 8],
			"to": [8.34946, 16.125, 9],
			"rotation": {"angle": -45, "axis": "y", "origin": [8.25, 5.025, 8.5]},
			"faces": {
				"north": {"uv": [4, 4, 5, 5], "texture": "#0"},
				"east": {"uv": [4, 4, 5, 5], "texture": "#0"},
				"south": {"uv": [4, 4, 5, 5], "texture": "#0"},
				"west": {"uv": [4, 4, 5, 5], "texture": "#0"},
				"up": {"uv": [4, 4, 5, 5], "texture": "#0"},
				"down": {"uv": [4, 4, 5, 5], "texture": "#0"}
			}
		},
		{
			"name": "hexadecagon",
			"from": [8.15054, 0.925, 8],
			"to": [8.34946, 16.125, 9],
			"rotation": {"angle": -22.5, "axis": "y", "origin": [8.25, 5.025, 8.5]},
			"faces": {
				"north": {"uv": [4, 4, 5, 5], "texture": "#0"},
				"east": {"uv": [4, 4, 5, 5], "texture": "#0"},
				"south": {"uv": [4, 4, 5, 5], "texture": "#0"},
				"west": {"uv": [4, 4, 5, 5], "texture": "#0"},
				"up": {"uv": [4, 4, 5, 5], "texture": "#0"},
				"down": {"uv": [4, 4, 5, 5], "texture": "#0"}
			}
		},
		{
			"name": "hexadecagon",
			"from": [8.15054, 0.925, 8],
			"to": [8.34946, 16.125, 9],
			"rotation": {"angle": 0, "axis": "y", "origin": [8.25, 5.025, 8.5]},
			"faces": {
				"north": {"uv": [4, 4, 5, 5], "texture": "#0"},
				"east": {"uv": [4, 4, 5, 5], "texture": "#0"},
				"south": {"uv": [4, 4, 5, 5], "texture": "#0"},
				"west": {"uv": [4, 4, 5, 5], "texture": "#0"},
				"up": {"uv": [4, 4, 5, 5], "texture": "#0"},
				"down": {"uv": [4, 4, 5, 5], "texture": "#0"}
			}
		},
		{
			"name": "hexadecagon",
			"from": [8.15054, 0.925, 8],
			"to": [8.34946, 16.125, 9],
			"rotation": {"angle": 22.5, "axis": "y", "origin": [8.25, 5.025, 8.5]},
			"faces": {
				"north": {"uv": [4, 4, 5, 5], "texture": "#0"},
				"east": {"uv": [4, 4, 5, 5], "texture": "#0"},
				"south": {"uv": [4, 4, 5, 5], "texture": "#0"},
				"west": {"uv": [4, 4, 5, 5], "texture": "#0"},
				"up": {"uv": [4, 4, 5, 5], "texture": "#0"},
				"down": {"uv": [4, 4, 5, 5], "texture": "#0"}
			}
		},
		{
			"name": "hexadecagon",
			"from": [8.15054, 0.925, 8],
			"to": [8.34946, 16.125, 9],
			"rotation": {"angle": 45, "axis": "y", "origin": [8.25, 5.025, 8.5]},
			"faces": {
				"north": {"uv": [4, 4, 5, 5], "texture": "#0"},
				"east": {"uv": [4, 4, 5, 5], "texture": "#0"},
				"south": {"uv": [4, 4, 5, 5], "texture": "#0"},
				"west": {"uv": [4, 4, 5, 5], "texture": "#0"},
				"up": {"uv": [4, 4, 5, 5], "texture": "#0"},
				"down": {"uv": [4, 4, 5, 5], "texture": "#0"}
			}
		},
		{
			"name": "hexadecagon",
			"from": [7.75, 0.925, 8.40054],
			"to": [8.75, 16.125, 8.59946],
			"rotation": {"angle": -22.5, "axis": "y", "origin": [8.25, 5.025, 8.5]},
			"faces": {
				"north": {"uv": [4, 4, 5, 5], "texture": "#0"},
				"east": {"uv": [4, 4, 5, 5], "texture": "#0"},
				"south": {"uv": [4, 4, 5, 5], "texture": "#0"},
				"west": {"uv": [4, 4, 5, 5], "texture": "#0"},
				"up": {"uv": [4, 4, 5, 5], "texture": "#0"},
				"down": {"uv": [4, 4, 5, 5], "texture": "#0"}
			}
		},
		{
			"name": "hexadecagon",
			"from": [7.75, 0.925, 8.40054],
			"to": [8.75, 16.125, 8.59946],
			"rotation": {"angle": 0, "axis": "y", "origin": [8.25, 5.025, 8.5]},
			"faces": {
				"north": {"uv": [4, 4, 5, 5], "texture": "#0"},
				"east": {"uv": [4, 4, 5, 5], "texture": "#0"},
				"south": {"uv": [4, 4, 5, 5], "texture": "#0"},
				"west": {"uv": [4, 4, 5, 5], "texture": "#0"},
				"up": {"uv": [4, 4, 5, 5], "texture": "#0"},
				"down": {"uv": [4, 4, 5, 5], "texture": "#0"}
			}
		},
		{
			"name": "hexadecagon",
			"from": [7.75, 0.925, 8.40054],
			"to": [8.75, 16.125, 8.59946],
			"rotation": {"angle": 22.5, "axis": "y", "origin": [8.25, 5.025, 8.5]},
			"faces": {
				"north": {"uv": [4, 4, 5, 5], "texture": "#0"},
				"east": {"uv": [4, 4, 5, 5], "texture": "#0"},
				"south": {"uv": [4, 4, 5, 5], "texture": "#0"},
				"west": {"uv": [4, 4, 5, 5], "texture": "#0"},
				"up": {"uv": [4, 4, 5, 5], "texture": "#0"},
				"down": {"uv": [4, 4, 5, 5], "texture": "#0"}
			}
		},
		{
			"name": "hexadecagon",
			"from": [8.1406, 0.925, 7.95],
			"to": [8.3594, 1.325, 9.05],
			"rotation": {"angle": -45, "axis": "y", "origin": [8.25, 1.025, 8.5]},
			"faces": {
				"north": {"uv": [4.75, 14.75, 5.75, 15.75], "texture": "#0"},
				"east": {"uv": [4.75, 14.75, 5.75, 15.75], "texture": "#0"},
				"south": {"uv": [4.75, 14.75, 5.75, 15.75], "texture": "#0"},
				"west": {"uv": [4.75, 14.75, 5.75, 15.75], "texture": "#0"},
				"up": {"uv": [4.75, 14.75, 5.75, 15.75], "texture": "#0"},
				"down": {"uv": [4.75, 14.75, 5.75, 15.75], "texture": "#0"}
			}
		},
		{
			"name": "hexadecagon",
			"from": [8.1406, 0.925, 7.95],
			"to": [8.3594, 1.325, 9.05],
			"rotation": {"angle": -22.5, "axis": "y", "origin": [8.25, 1.025, 8.5]},
			"faces": {
				"north": {"uv": [4.75, 14.75, 5.75, 15.75], "texture": "#0"},
				"east": {"uv": [4.75, 14.75, 5.75, 15.75], "texture": "#0"},
				"south": {"uv": [4.75, 14.75, 5.75, 15.75], "texture": "#0"},
				"west": {"uv": [4.75, 14.75, 5.75, 15.75], "texture": "#0"},
				"up": {"uv": [4.75, 14.75, 5.75, 15.75], "texture": "#0"},
				"down": {"uv": [4.75, 14.75, 5.75, 15.75], "texture": "#0"}
			}
		},
		{
			"name": "hexadecagon",
			"from": [8.1406, 0.925, 7.95],
			"to": [8.3594, 1.325, 9.05],
			"rotation": {"angle": 0, "axis": "y", "origin": [8.25, 1.025, 8.5]},
			"faces": {
				"north": {"uv": [4.75, 14.75, 5.75, 15.75], "texture": "#0"},
				"east": {"uv": [4.75, 14.75, 5.75, 15.75], "texture": "#0"},
				"south": {"uv": [4.75, 14.75, 5.75, 15.75], "texture": "#0"},
				"west": {"uv": [4.75, 14.75, 5.75, 15.75], "texture": "#0"},
				"up": {"uv": [4.75, 14.75, 5.75, 15.75], "texture": "#0"},
				"down": {"uv": [4.75, 14.75, 5.75, 15.75], "texture": "#0"}
			}
		},
		{
			"name": "hexadecagon",
			"from": [8.1406, 0.925, 7.95],
			"to": [8.3594, 1.325, 9.05],
			"rotation": {"angle": 22.5, "axis": "y", "origin": [8.25, 1.025, 8.5]},
			"faces": {
				"north": {"uv": [4.75, 14.75, 5.75, 15.75], "texture": "#0"},
				"east": {"uv": [4.75, 14.75, 5.75, 15.75], "texture": "#0"},
				"south": {"uv": [4.75, 14.75, 5.75, 15.75], "texture": "#0"},
				"west": {"uv": [4.75, 14.75, 5.75, 15.75], "texture": "#0"},
				"up": {"uv": [4.75, 14.75, 5.75, 15.75], "texture": "#0"},
				"down": {"uv": [4.75, 14.75, 5.75, 15.75], "texture": "#0"}
			}
		},
		{
			"name": "hexadecagon",
			"from": [8.1406, 0.925, 7.95],
			"to": [8.3594, 1.325, 9.05],
			"rotation": {"angle": 45, "axis": "y", "origin": [8.25, 1.025, 8.5]},
			"faces": {
				"north": {"uv": [4.75, 14.75, 5.75, 15.75], "texture": "#0"},
				"east": {"uv": [4.75, 14.75, 5.75, 15.75], "texture": "#0"},
				"south": {"uv": [4.75, 14.75, 5.75, 15.75], "texture": "#0"},
				"west": {"uv": [4.75, 14.75, 5.75, 15.75], "texture": "#0"},
				"up": {"uv": [4.75, 14.75, 5.75, 15.75], "texture": "#0"},
				"down": {"uv": [4.75, 14.75, 5.75, 15.75], "texture": "#0"}
			}
		},
		{
			"name": "hexadecagon",
			"from": [7.7, 0.925, 8.3906],
			"to": [8.8, 1.325, 8.6094],
			"rotation": {"angle": -22.5, "axis": "y", "origin": [8.25, 1.025, 8.5]},
			"faces": {
				"north": {"uv": [4.75, 14.75, 5.75, 15.75], "texture": "#0"},
				"east": {"uv": [4.75, 14.75, 5.75, 15.75], "texture": "#0"},
				"south": {"uv": [4.75, 14.75, 5.75, 15.75], "texture": "#0"},
				"west": {"uv": [4.75, 14.75, 5.75, 15.75], "texture": "#0"},
				"up": {"uv": [4.75, 14.75, 5.75, 15.75], "texture": "#0"},
				"down": {"uv": [4.75, 14.75, 5.75, 15.75], "texture": "#0"}
			}
		},
		{
			"name": "hexadecagon",
			"from": [7.7, 0.925, 8.3906],
			"to": [8.8, 1.325, 8.6094],
			"rotation": {"angle": 0, "axis": "y", "origin": [8.25, 1.025, 8.5]},
			"faces": {
				"north": {"uv": [4.75, 14.75, 5.75, 15.75], "texture": "#0"},
				"east": {"uv": [4.75, 14.75, 5.75, 15.75], "texture": "#0"},
				"south": {"uv": [4.75, 14.75, 5.75, 15.75], "texture": "#0"},
				"west": {"uv": [4.75, 14.75, 5.75, 15.75], "texture": "#0"},
				"up": {"uv": [4.75, 14.75, 5.75, 15.75], "texture": "#0"},
				"down": {"uv": [4.75, 14.75, 5.75, 15.75], "texture": "#0"}
			}
		},
		{
			"name": "hexadecagon",
			"from": [7.7, 0.925, 8.3906],
			"to": [8.8, 1.325, 8.6094],
			"rotation": {"angle": 22.5, "axis": "y", "origin": [8.25, 1.025, 8.5]},
			"faces": {
				"north": {"uv": [4.75, 14.75, 5.75, 15.75], "texture": "#0"},
				"east": {"uv": [4.75, 14.75, 5.75, 15.75], "texture": "#0"},
				"south": {"uv": [4.75, 14.75, 5.75, 15.75], "texture": "#0"},
				"west": {"uv": [4.75, 14.75, 5.75, 15.75], "texture": "#0"},
				"up": {"uv": [4.75, 14.75, 5.75, 15.75], "texture": "#0"},
				"down": {"uv": [4.75, 14.75, 5.75, 15.75], "texture": "#0"}
			}
		},
		{
			"name": "hexadecagon",
			"from": [8.1406, 1.425, 7.95],
			"to": [8.3594, 1.825, 9.05],
			"rotation": {"angle": -45, "axis": "y", "origin": [8.25, 1.525, 8.5]},
			"faces": {
				"north": {"uv": [4.75, 14.75, 5.75, 15.75], "texture": "#0"},
				"east": {"uv": [4.75, 14.75, 5.75, 15.75], "texture": "#0"},
				"south": {"uv": [4.75, 14.75, 5.75, 15.75], "texture": "#0"},
				"west": {"uv": [4.75, 14.75, 5.75, 15.75], "texture": "#0"},
				"up": {"uv": [4.75, 14.75, 5.75, 15.75], "texture": "#0"},
				"down": {"uv": [4.75, 14.75, 5.75, 15.75], "texture": "#0"}
			}
		},
		{
			"name": "hexadecagon",
			"from": [8.1406, 1.425, 7.95],
			"to": [8.3594, 1.825, 9.05],
			"rotation": {"angle": -22.5, "axis": "y", "origin": [8.25, 1.525, 8.5]},
			"faces": {
				"north": {"uv": [4.75, 14.75, 5.75, 15.75], "texture": "#0"},
				"east": {"uv": [4.75, 14.75, 5.75, 15.75], "texture": "#0"},
				"south": {"uv": [4.75, 14.75, 5.75, 15.75], "texture": "#0"},
				"west": {"uv": [4.75, 14.75, 5.75, 15.75], "texture": "#0"},
				"up": {"uv": [4.75, 14.75, 5.75, 15.75], "texture": "#0"},
				"down": {"uv": [4.75, 14.75, 5.75, 15.75], "texture": "#0"}
			}
		},
		{
			"name": "hexadecagon",
			"from": [8.1406, 1.425, 7.95],
			"to": [8.3594, 1.825, 9.05],
			"rotation": {"angle": 0, "axis": "y", "origin": [8.25, 1.525, 8.5]},
			"faces": {
				"north": {"uv": [4.75, 14.75, 5.75, 15.75], "texture": "#0"},
				"east": {"uv": [4.75, 14.75, 5.75, 15.75], "texture": "#0"},
				"south": {"uv": [4.75, 14.75, 5.75, 15.75], "texture": "#0"},
				"west": {"uv": [4.75, 14.75, 5.75, 15.75], "texture": "#0"},
				"up": {"uv": [4.75, 14.75, 5.75, 15.75], "texture": "#0"},
				"down": {"uv": [4.75, 14.75, 5.75, 15.75], "texture": "#0"}
			}
		},
		{
			"name": "hexadecagon",
			"from": [8.1406, 1.425, 7.95],
			"to": [8.3594, 1.825, 9.05],
			"rotation": {"angle": 22.5, "axis": "y", "origin": [8.25, 1.525, 8.5]},
			"faces": {
				"north": {"uv": [4.75, 14.75, 5.75, 15.75], "texture": "#0"},
				"east": {"uv": [4.75, 14.75, 5.75, 15.75], "texture": "#0"},
				"south": {"uv": [4.75, 14.75, 5.75, 15.75], "texture": "#0"},
				"west": {"uv": [4.75, 14.75, 5.75, 15.75], "texture": "#0"},
				"up": {"uv": [4.75, 14.75, 5.75, 15.75], "texture": "#0"},
				"down": {"uv": [4.75, 14.75, 5.75, 15.75], "texture": "#0"}
			}
		},
		{
			"name": "hexadecagon",
			"from": [8.1406, 1.425, 7.95],
			"to": [8.3594, 1.825, 9.05],
			"rotation": {"angle": 45, "axis": "y", "origin": [8.25, 1.525, 8.5]},
			"faces": {
				"north": {"uv": [4.75, 14.75, 5.75, 15.75], "texture": "#0"},
				"east": {"uv": [4.75, 14.75, 5.75, 15.75], "texture": "#0"},
				"south": {"uv": [4.75, 14.75, 5.75, 15.75], "texture": "#0"},
				"west": {"uv": [4.75, 14.75, 5.75, 15.75], "texture": "#0"},
				"up": {"uv": [4.75, 14.75, 5.75, 15.75], "texture": "#0"},
				"down": {"uv": [4.75, 14.75, 5.75, 15.75], "texture": "#0"}
			}
		},
		{
			"name": "hexadecagon",
			"from": [7.7, 1.425, 8.3906],
			"to": [8.8, 1.825, 8.6094],
			"rotation": {"angle": -22.5, "axis": "y", "origin": [8.25, 1.525, 8.5]},
			"faces": {
				"north": {"uv": [4.75, 14.75, 5.75, 15.75], "texture": "#0"},
				"east": {"uv": [4.75, 14.75, 5.75, 15.75], "texture": "#0"},
				"south": {"uv": [4.75, 14.75, 5.75, 15.75], "texture": "#0"},
				"west": {"uv": [4.75, 14.75, 5.75, 15.75], "texture": "#0"},
				"up": {"uv": [4.75, 14.75, 5.75, 15.75], "texture": "#0"},
				"down": {"uv": [4.75, 14.75, 5.75, 15.75], "texture": "#0"}
			}
		},
		{
			"name": "hexadecagon",
			"from": [7.7, 1.425, 8.3906],
			"to": [8.8, 1.825, 8.6094],
			"rotation": {"angle": 0, "axis": "y", "origin": [8.25, 1.525, 8.5]},
			"faces": {
				"north": {"uv": [4.75, 14.75, 5.75, 15.75], "texture": "#0"},
				"east": {"uv": [4.75, 14.75, 5.75, 15.75], "texture": "#0"},
				"south": {"uv": [4.75, 14.75, 5.75, 15.75], "texture": "#0"},
				"west": {"uv": [4.75, 14.75, 5.75, 15.75], "texture": "#0"},
				"up": {"uv": [4.75, 14.75, 5.75, 15.75], "texture": "#0"},
				"down": {"uv": [4.75, 14.75, 5.75, 15.75], "texture": "#0"}
			}
		},
		{
			"name": "hexadecagon",
			"from": [7.7, 1.425, 8.3906],
			"to": [8.8, 1.825, 8.6094],
			"rotation": {"angle": 22.5, "axis": "y", "origin": [8.25, 1.525, 8.5]},
			"faces": {
				"north": {"uv": [4.75, 14.75, 5.75, 15.75], "texture": "#0"},
				"east": {"uv": [4.75, 14.75, 5.75, 15.75], "texture": "#0"},
				"south": {"uv": [4.75, 14.75, 5.75, 15.75], "texture": "#0"},
				"west": {"uv": [4.75, 14.75, 5.75, 15.75], "texture": "#0"},
				"up": {"uv": [4.75, 14.75, 5.75, 15.75], "texture": "#0"},
				"down": {"uv": [4.75, 14.75, 5.75, 15.75], "texture": "#0"}
			}
		},
		{
			"name": "hexadecagon",
			"from": [8.1406, 1.925, 7.95],
			"to": [8.3594, 2.325, 9.05],
			"rotation": {"angle": -45, "axis": "y", "origin": [8.25, 2.025, 8.5]},
			"faces": {
				"north": {"uv": [4.75, 14.75, 5.75, 15.75], "texture": "#0"},
				"east": {"uv": [4.75, 14.75, 5.75, 15.75], "texture": "#0"},
				"south": {"uv": [4.75, 14.75, 5.75, 15.75], "texture": "#0"},
				"west": {"uv": [4.75, 14.75, 5.75, 15.75], "texture": "#0"},
				"up": {"uv": [4.75, 14.75, 5.75, 15.75], "texture": "#0"},
				"down": {"uv": [4.75, 14.75, 5.75, 15.75], "texture": "#0"}
			}
		},
		{
			"name": "hexadecagon",
			"from": [8.1406, 1.925, 7.95],
			"to": [8.3594, 2.325, 9.05],
			"rotation": {"angle": -22.5, "axis": "y", "origin": [8.25, 2.025, 8.5]},
			"faces": {
				"north": {"uv": [4.75, 14.75, 5.75, 15.75], "texture": "#0"},
				"east": {"uv": [4.75, 14.75, 5.75, 15.75], "texture": "#0"},
				"south": {"uv": [4.75, 14.75, 5.75, 15.75], "texture": "#0"},
				"west": {"uv": [4.75, 14.75, 5.75, 15.75], "texture": "#0"},
				"up": {"uv": [4.75, 14.75, 5.75, 15.75], "texture": "#0"},
				"down": {"uv": [4.75, 14.75, 5.75, 15.75], "texture": "#0"}
			}
		},
		{
			"name": "hexadecagon",
			"from": [8.1406, 1.925, 7.95],
			"to": [8.3594, 2.325, 9.05],
			"rotation": {"angle": 0, "axis": "y", "origin": [8.25, 2.025, 8.5]},
			"faces": {
				"north": {"uv": [4.75, 14.75, 5.75, 15.75], "texture": "#0"},
				"east": {"uv": [4.75, 14.75, 5.75, 15.75], "texture": "#0"},
				"south": {"uv": [4.75, 14.75, 5.75, 15.75], "texture": "#0"},
				"west": {"uv": [4.75, 14.75, 5.75, 15.75], "texture": "#0"},
				"up": {"uv": [4.75, 14.75, 5.75, 15.75], "texture": "#0"},
				"down": {"uv": [4.75, 14.75, 5.75, 15.75], "texture": "#0"}
			}
		},
		{
			"name": "hexadecagon",
			"from": [8.1406, 1.925, 7.95],
			"to": [8.3594, 2.325, 9.05],
			"rotation": {"angle": 22.5, "axis": "y", "origin": [8.25, 2.025, 8.5]},
			"faces": {
				"north": {"uv": [4.75, 14.75, 5.75, 15.75], "texture": "#0"},
				"east": {"uv": [4.75, 14.75, 5.75, 15.75], "texture": "#0"},
				"south": {"uv": [4.75, 14.75, 5.75, 15.75], "texture": "#0"},
				"west": {"uv": [4.75, 14.75, 5.75, 15.75], "texture": "#0"},
				"up": {"uv": [4.75, 14.75, 5.75, 15.75], "texture": "#0"},
				"down": {"uv": [4.75, 14.75, 5.75, 15.75], "texture": "#0"}
			}
		},
		{
			"name": "hexadecagon",
			"from": [8.1406, 1.925, 7.95],
			"to": [8.3594, 2.325, 9.05],
			"rotation": {"angle": 45, "axis": "y", "origin": [8.25, 2.025, 8.5]},
			"faces": {
				"north": {"uv": [4.75, 14.75, 5.75, 15.75], "texture": "#0"},
				"east": {"uv": [4.75, 14.75, 5.75, 15.75], "texture": "#0"},
				"south": {"uv": [4.75, 14.75, 5.75, 15.75], "texture": "#0"},
				"west": {"uv": [4.75, 14.75, 5.75, 15.75], "texture": "#0"},
				"up": {"uv": [4.75, 14.75, 5.75, 15.75], "texture": "#0"},
				"down": {"uv": [4.75, 14.75, 5.75, 15.75], "texture": "#0"}
			}
		},
		{
			"name": "hexadecagon",
			"from": [7.7, 1.925, 8.3906],
			"to": [8.8, 2.325, 8.6094],
			"rotation": {"angle": -22.5, "axis": "y", "origin": [8.25, 2.025, 8.5]},
			"faces": {
				"north": {"uv": [4.75, 14.75, 5.75, 15.75], "texture": "#0"},
				"east": {"uv": [4.75, 14.75, 5.75, 15.75], "texture": "#0"},
				"south": {"uv": [4.75, 14.75, 5.75, 15.75], "texture": "#0"},
				"west": {"uv": [4.75, 14.75, 5.75, 15.75], "texture": "#0"},
				"up": {"uv": [4.75, 14.75, 5.75, 15.75], "texture": "#0"},
				"down": {"uv": [4.75, 14.75, 5.75, 15.75], "texture": "#0"}
			}
		},
		{
			"name": "hexadecagon",
			"from": [7.7, 1.925, 8.3906],
			"to": [8.8, 2.325, 8.6094],
			"rotation": {"angle": 0, "axis": "y", "origin": [8.25, 2.025, 8.5]},
			"faces": {
				"north": {"uv": [4.75, 14.75, 5.75, 15.75], "texture": "#0"},
				"east": {"uv": [4.75, 14.75, 5.75, 15.75], "texture": "#0"},
				"south": {"uv": [4.75, 14.75, 5.75, 15.75], "texture": "#0"},
				"west": {"uv": [4.75, 14.75, 5.75, 15.75], "texture": "#0"},
				"up": {"uv": [4.75, 14.75, 5.75, 15.75], "texture": "#0"},
				"down": {"uv": [4.75, 14.75, 5.75, 15.75], "texture": "#0"}
			}
		},
		{
			"name": "hexadecagon",
			"from": [7.7, 1.925, 8.3906],
			"to": [8.8, 2.325, 8.6094],
			"rotation": {"angle": 22.5, "axis": "y", "origin": [8.25, 2.025, 8.5]},
			"faces": {
				"north": {"uv": [4.75, 14.75, 5.75, 15.75], "texture": "#0"},
				"east": {"uv": [4.75, 14.75, 5.75, 15.75], "texture": "#0"},
				"south": {"uv": [4.75, 14.75, 5.75, 15.75], "texture": "#0"},
				"west": {"uv": [4.75, 14.75, 5.75, 15.75], "texture": "#0"},
				"up": {"uv": [4.75, 14.75, 5.75, 15.75], "texture": "#0"},
				"down": {"uv": [4.75, 14.75, 5.75, 15.75], "texture": "#0"}
			}
		},
		{
			"name": "hexadecagon",
			"from": [8.1406, 2.425, 7.95],
			"to": [8.3594, 2.825, 9.05],
			"rotation": {"angle": -45, "axis": "y", "origin": [8.25, 2.525, 8.5]},
			"faces": {
				"north": {"uv": [4.75, 14.75, 5.75, 15.75], "texture": "#0"},
				"east": {"uv": [4.75, 14.75, 5.75, 15.75], "texture": "#0"},
				"south": {"uv": [4.75, 14.75, 5.75, 15.75], "texture": "#0"},
				"west": {"uv": [4.75, 14.75, 5.75, 15.75], "texture": "#0"},
				"up": {"uv": [4.75, 14.75, 5.75, 15.75], "texture": "#0"},
				"down": {"uv": [4.75, 14.75, 5.75, 15.75], "texture": "#0"}
			}
		},
		{
			"name": "hexadecagon",
			"from": [8.1406, 2.425, 7.95],
			"to": [8.3594, 2.825, 9.05],
			"rotation": {"angle": -22.5, "axis": "y", "origin": [8.25, 2.525, 8.5]},
			"faces": {
				"north": {"uv": [4.75, 14.75, 5.75, 15.75], "texture": "#0"},
				"east": {"uv": [4.75, 14.75, 5.75, 15.75], "texture": "#0"},
				"south": {"uv": [4.75, 14.75, 5.75, 15.75], "texture": "#0"},
				"west": {"uv": [4.75, 14.75, 5.75, 15.75], "texture": "#0"},
				"up": {"uv": [4.75, 14.75, 5.75, 15.75], "texture": "#0"},
				"down": {"uv": [4.75, 14.75, 5.75, 15.75], "texture": "#0"}
			}
		},
		{
			"name": "hexadecagon",
			"from": [8.1406, 2.425, 7.95],
			"to": [8.3594, 2.825, 9.05],
			"rotation": {"angle": 0, "axis": "y", "origin": [8.25, 2.525, 8.5]},
			"faces": {
				"north": {"uv": [4.75, 14.75, 5.75, 15.75], "texture": "#0"},
				"east": {"uv": [4.75, 14.75, 5.75, 15.75], "texture": "#0"},
				"south": {"uv": [4.75, 14.75, 5.75, 15.75], "texture": "#0"},
				"west": {"uv": [4.75, 14.75, 5.75, 15.75], "texture": "#0"},
				"up": {"uv": [4.75, 14.75, 5.75, 15.75], "texture": "#0"},
				"down": {"uv": [4.75, 14.75, 5.75, 15.75], "texture": "#0"}
			}
		},
		{
			"name": "hexadecagon",
			"from": [8.1406, 2.425, 7.95],
			"to": [8.3594, 2.825, 9.05],
			"rotation": {"angle": 22.5, "axis": "y", "origin": [8.25, 2.525, 8.5]},
			"faces": {
				"north": {"uv": [4.75, 14.75, 5.75, 15.75], "texture": "#0"},
				"east": {"uv": [4.75, 14.75, 5.75, 15.75], "texture": "#0"},
				"south": {"uv": [4.75, 14.75, 5.75, 15.75], "texture": "#0"},
				"west": {"uv": [4.75, 14.75, 5.75, 15.75], "texture": "#0"},
				"up": {"uv": [4.75, 14.75, 5.75, 15.75], "texture": "#0"},
				"down": {"uv": [4.75, 14.75, 5.75, 15.75], "texture": "#0"}
			}
		},
		{
			"name": "hexadecagon",
			"from": [8.1406, 2.425, 7.95],
			"to": [8.3594, 2.825, 9.05],
			"rotation": {"angle": 45, "axis": "y", "origin": [8.25, 2.525, 8.5]},
			"faces": {
				"north": {"uv": [4.75, 14.75, 5.75, 15.75], "texture": "#0"},
				"east": {"uv": [4.75, 14.75, 5.75, 15.75], "texture": "#0"},
				"south": {"uv": [4.75, 14.75, 5.75, 15.75], "texture": "#0"},
				"west": {"uv": [4.75, 14.75, 5.75, 15.75], "texture": "#0"},
				"up": {"uv": [4.75, 14.75, 5.75, 15.75], "texture": "#0"},
				"down": {"uv": [4.75, 14.75, 5.75, 15.75], "texture": "#0"}
			}
		},
		{
			"name": "hexadecagon",
			"from": [7.7, 2.425, 8.3906],
			"to": [8.8, 2.825, 8.6094],
			"rotation": {"angle": -22.5, "axis": "y", "origin": [8.25, 2.525, 8.5]},
			"faces": {
				"north": {"uv": [4.75, 14.75, 5.75, 15.75], "texture": "#0"},
				"east": {"uv": [4.75, 14.75, 5.75, 15.75], "texture": "#0"},
				"south": {"uv": [4.75, 14.75, 5.75, 15.75], "texture": "#0"},
				"west": {"uv": [4.75, 14.75, 5.75, 15.75], "texture": "#0"},
				"up": {"uv": [4.75, 14.75, 5.75, 15.75], "texture": "#0"},
				"down": {"uv": [4.75, 14.75, 5.75, 15.75], "texture": "#0"}
			}
		},
		{
			"name": "hexadecagon",
			"from": [7.7, 2.425, 8.3906],
			"to": [8.8, 2.825, 8.6094],
			"rotation": {"angle": 0, "axis": "y", "origin": [8.25, 2.525, 8.5]},
			"faces": {
				"north": {"uv": [4.75, 14.75, 5.75, 15.75], "texture": "#0"},
				"east": {"uv": [4.75, 14.75, 5.75, 15.75], "texture": "#0"},
				"south": {"uv": [4.75, 14.75, 5.75, 15.75], "texture": "#0"},
				"west": {"uv": [4.75, 14.75, 5.75, 15.75], "texture": "#0"},
				"up": {"uv": [4.75, 14.75, 5.75, 15.75], "texture": "#0"},
				"down": {"uv": [4.75, 14.75, 5.75, 15.75], "texture": "#0"}
			}
		},
		{
			"name": "hexadecagon",
			"from": [7.7, 2.425, 8.3906],
			"to": [8.8, 2.825, 8.6094],
			"rotation": {"angle": 22.5, "axis": "y", "origin": [8.25, 2.525, 8.5]},
			"faces": {
				"north": {"uv": [4.75, 14.75, 5.75, 15.75], "texture": "#0"},
				"east": {"uv": [4.75, 14.75, 5.75, 15.75], "texture": "#0"},
				"south": {"uv": [4.75, 14.75, 5.75, 15.75], "texture": "#0"},
				"west": {"uv": [4.75, 14.75, 5.75, 15.75], "texture": "#0"},
				"up": {"uv": [4.75, 14.75, 5.75, 15.75], "texture": "#0"},
				"down": {"uv": [4.75, 14.75, 5.75, 15.75], "texture": "#0"}
			}
		},
		{
			"name": "hexadecagon",
			"from": [8.1406, 3.425, 7.95],
			"to": [8.3594, 3.825, 9.05],
			"rotation": {"angle": -45, "axis": "y", "origin": [8.25, 3.525, 8.5]},
			"faces": {
				"north": {"uv": [4.75, 14.75, 5.75, 15.75], "texture": "#0"},
				"east": {"uv": [4.75, 14.75, 5.75, 15.75], "texture": "#0"},
				"south": {"uv": [4.75, 14.75, 5.75, 15.75], "texture": "#0"},
				"west": {"uv": [4.75, 14.75, 5.75, 15.75], "texture": "#0"},
				"up": {"uv": [4.75, 14.75, 5.75, 15.75], "texture": "#0"},
				"down": {"uv": [4.75, 14.75, 5.75, 15.75], "texture": "#0"}
			}
		},
		{
			"name": "hexadecagon",
			"from": [8.1406, 3.425, 7.95],
			"to": [8.3594, 3.825, 9.05],
			"rotation": {"angle": -22.5, "axis": "y", "origin": [8.25, 3.525, 8.5]},
			"faces": {
				"north": {"uv": [4.75, 14.75, 5.75, 15.75], "texture": "#0"},
				"east": {"uv": [4.75, 14.75, 5.75, 15.75], "texture": "#0"},
				"south": {"uv": [4.75, 14.75, 5.75, 15.75], "texture": "#0"},
				"west": {"uv": [4.75, 14.75, 5.75, 15.75], "texture": "#0"},
				"up": {"uv": [4.75, 14.75, 5.75, 15.75], "texture": "#0"},
				"down": {"uv": [4.75, 14.75, 5.75, 15.75], "texture": "#0"}
			}
		},
		{
			"name": "hexadecagon",
			"from": [8.1406, 3.425, 7.95],
			"to": [8.3594, 3.825, 9.05],
			"rotation": {"angle": 0, "axis": "y", "origin": [8.25, 3.525, 8.5]},
			"faces": {
				"north": {"uv": [4.75, 14.75, 5.75, 15.75], "texture": "#0"},
				"east": {"uv": [4.75, 14.75, 5.75, 15.75], "texture": "#0"},
				"south": {"uv": [4.75, 14.75, 5.75, 15.75], "texture": "#0"},
				"west": {"uv": [4.75, 14.75, 5.75, 15.75], "texture": "#0"},
				"up": {"uv": [4.75, 14.75, 5.75, 15.75], "texture": "#0"},
				"down": {"uv": [4.75, 14.75, 5.75, 15.75], "texture": "#0"}
			}
		},
		{
			"name": "hexadecagon",
			"from": [8.1406, 3.425, 7.95],
			"to": [8.3594, 3.825, 9.05],
			"rotation": {"angle": 22.5, "axis": "y", "origin": [8.25, 3.525, 8.5]},
			"faces": {
				"north": {"uv": [4.75, 14.75, 5.75, 15.75], "texture": "#0"},
				"east": {"uv": [4.75, 14.75, 5.75, 15.75], "texture": "#0"},
				"south": {"uv": [4.75, 14.75, 5.75, 15.75], "texture": "#0"},
				"west": {"uv": [4.75, 14.75, 5.75, 15.75], "texture": "#0"},
				"up": {"uv": [4.75, 14.75, 5.75, 15.75], "texture": "#0"},
				"down": {"uv": [4.75, 14.75, 5.75, 15.75], "texture": "#0"}
			}
		},
		{
			"name": "hexadecagon",
			"from": [8.1406, 3.425, 7.95],
			"to": [8.3594, 3.825, 9.05],
			"rotation": {"angle": 45, "axis": "y", "origin": [8.25, 3.525, 8.5]},
			"faces": {
				"north": {"uv": [4.75, 14.75, 5.75, 15.75], "texture": "#0"},
				"east": {"uv": [4.75, 14.75, 5.75, 15.75], "texture": "#0"},
				"south": {"uv": [4.75, 14.75, 5.75, 15.75], "texture": "#0"},
				"west": {"uv": [4.75, 14.75, 5.75, 15.75], "texture": "#0"},
				"up": {"uv": [4.75, 14.75, 5.75, 15.75], "texture": "#0"},
				"down": {"uv": [4.75, 14.75, 5.75, 15.75], "texture": "#0"}
			}
		},
		{
			"name": "hexadecagon",
			"from": [7.7, 3.425, 8.3906],
			"to": [8.8, 3.825, 8.6094],
			"rotation": {"angle": -22.5, "axis": "y", "origin": [8.25, 3.525, 8.5]},
			"faces": {
				"north": {"uv": [4.75, 14.75, 5.75, 15.75], "texture": "#0"},
				"east": {"uv": [4.75, 14.75, 5.75, 15.75], "texture": "#0"},
				"south": {"uv": [4.75, 14.75, 5.75, 15.75], "texture": "#0"},
				"west": {"uv": [4.75, 14.75, 5.75, 15.75], "texture": "#0"},
				"up": {"uv": [4.75, 14.75, 5.75, 15.75], "texture": "#0"},
				"down": {"uv": [4.75, 14.75, 5.75, 15.75], "texture": "#0"}
			}
		},
		{
			"name": "hexadecagon",
			"from": [7.7, 3.425, 8.3906],
			"to": [8.8, 3.825, 8.6094],
			"rotation": {"angle": 0, "axis": "y", "origin": [8.25, 3.525, 8.5]},
			"faces": {
				"north": {"uv": [4.75, 14.75, 5.75, 15.75], "texture": "#0"},
				"east": {"uv": [4.75, 14.75, 5.75, 15.75], "texture": "#0"},
				"south": {"uv": [4.75, 14.75, 5.75, 15.75], "texture": "#0"},
				"west": {"uv": [4.75, 14.75, 5.75, 15.75], "texture": "#0"},
				"up": {"uv": [4.75, 14.75, 5.75, 15.75], "texture": "#0"},
				"down": {"uv": [4.75, 14.75, 5.75, 15.75], "texture": "#0"}
			}
		},
		{
			"name": "hexadecagon",
			"from": [7.7, 3.425, 8.3906],
			"to": [8.8, 3.825, 8.6094],
			"rotation": {"angle": 22.5, "axis": "y", "origin": [8.25, 3.525, 8.5]},
			"faces": {
				"north": {"uv": [4.75, 14.75, 5.75, 15.75], "texture": "#0"},
				"east": {"uv": [4.75, 14.75, 5.75, 15.75], "texture": "#0"},
				"south": {"uv": [4.75, 14.75, 5.75, 15.75], "texture": "#0"},
				"west": {"uv": [4.75, 14.75, 5.75, 15.75], "texture": "#0"},
				"up": {"uv": [4.75, 14.75, 5.75, 15.75], "texture": "#0"},
				"down": {"uv": [4.75, 14.75, 5.75, 15.75], "texture": "#0"}
			}
		},
		{
			"name": "hexadecagon",
			"from": [8.1406, 2.925, 7.95],
			"to": [8.3594, 3.325, 9.05],
			"rotation": {"angle": -45, "axis": "y", "origin": [8.25, 3.025, 8.5]},
			"faces": {
				"north": {"uv": [4.75, 14.75, 5.75, 15.75], "texture": "#0"},
				"east": {"uv": [4.75, 14.75, 5.75, 15.75], "texture": "#0"},
				"south": {"uv": [4.75, 14.75, 5.75, 15.75], "texture": "#0"},
				"west": {"uv": [4.75, 14.75, 5.75, 15.75], "texture": "#0"},
				"up": {"uv": [4.75, 14.75, 5.75, 15.75], "texture": "#0"},
				"down": {"uv": [4.75, 14.75, 5.75, 15.75], "texture": "#0"}
			}
		},
		{
			"name": "hexadecagon",
			"from": [8.1406, 2.925, 7.95],
			"to": [8.3594, 3.325, 9.05],
			"rotation": {"angle": -22.5, "axis": "y", "origin": [8.25, 3.025, 8.5]},
			"faces": {
				"north": {"uv": [4.75, 14.75, 5.75, 15.75], "texture": "#0"},
				"east": {"uv": [4.75, 14.75, 5.75, 15.75], "texture": "#0"},
				"south": {"uv": [4.75, 14.75, 5.75, 15.75], "texture": "#0"},
				"west": {"uv": [4.75, 14.75, 5.75, 15.75], "texture": "#0"},
				"up": {"uv": [4.75, 14.75, 5.75, 15.75], "texture": "#0"},
				"down": {"uv": [4.75, 14.75, 5.75, 15.75], "texture": "#0"}
			}
		},
		{
			"name": "hexadecagon",
			"from": [8.1406, 2.925, 7.95],
			"to": [8.3594, 3.325, 9.05],
			"rotation": {"angle": 0, "axis": "y", "origin": [8.25, 3.025, 8.5]},
			"faces": {
				"north": {"uv": [4.75, 14.75, 5.75, 15.75], "texture": "#0"},
				"east": {"uv": [4.75, 14.75, 5.75, 15.75], "texture": "#0"},
				"south": {"uv": [4.75, 14.75, 5.75, 15.75], "texture": "#0"},
				"west": {"uv": [4.75, 14.75, 5.75, 15.75], "texture": "#0"},
				"up": {"uv": [4.75, 14.75, 5.75, 15.75], "texture": "#0"},
				"down": {"uv": [4.75, 14.75, 5.75, 15.75], "texture": "#0"}
			}
		},
		{
			"name": "hexadecagon",
			"from": [8.1406, 2.925, 7.95],
			"to": [8.3594, 3.325, 9.05],
			"rotation": {"angle": 22.5, "axis": "y", "origin": [8.25, 3.025, 8.5]},
			"faces": {
				"north": {"uv": [4.75, 14.75, 5.75, 15.75], "texture": "#0"},
				"east": {"uv": [4.75, 14.75, 5.75, 15.75], "texture": "#0"},
				"south": {"uv": [4.75, 14.75, 5.75, 15.75], "texture": "#0"},
				"west": {"uv": [4.75, 14.75, 5.75, 15.75], "texture": "#0"},
				"up": {"uv": [4.75, 14.75, 5.75, 15.75], "texture": "#0"},
				"down": {"uv": [4.75, 14.75, 5.75, 15.75], "texture": "#0"}
			}
		},
		{
			"name": "hexadecagon",
			"from": [8.1406, 2.925, 7.95],
			"to": [8.3594, 3.325, 9.05],
			"rotation": {"angle": 45, "axis": "y", "origin": [8.25, 3.025, 8.5]},
			"faces": {
				"north": {"uv": [4.75, 14.75, 5.75, 15.75], "texture": "#0"},
				"east": {"uv": [4.75, 14.75, 5.75, 15.75], "texture": "#0"},
				"south": {"uv": [4.75, 14.75, 5.75, 15.75], "texture": "#0"},
				"west": {"uv": [4.75, 14.75, 5.75, 15.75], "texture": "#0"},
				"up": {"uv": [4.75, 14.75, 5.75, 15.75], "texture": "#0"},
				"down": {"uv": [4.75, 14.75, 5.75, 15.75], "texture": "#0"}
			}
		},
		{
			"name": "hexadecagon",
			"from": [7.7, 2.925, 8.3906],
			"to": [8.8, 3.325, 8.6094],
			"rotation": {"angle": -22.5, "axis": "y", "origin": [8.25, 3.025, 8.5]},
			"faces": {
				"north": {"uv": [4.75, 14.75, 5.75, 15.75], "texture": "#0"},
				"east": {"uv": [4.75, 14.75, 5.75, 15.75], "texture": "#0"},
				"south": {"uv": [4.75, 14.75, 5.75, 15.75], "texture": "#0"},
				"west": {"uv": [4.75, 14.75, 5.75, 15.75], "texture": "#0"},
				"up": {"uv": [4.75, 14.75, 5.75, 15.75], "texture": "#0"},
				"down": {"uv": [4.75, 14.75, 5.75, 15.75], "texture": "#0"}
			}
		},
		{
			"name": "hexadecagon",
			"from": [7.7, 2.925, 8.3906],
			"to": [8.8, 3.325, 8.6094],
			"rotation": {"angle": 0, "axis": "y", "origin": [8.25, 3.025, 8.5]},
			"faces": {
				"north": {"uv": [4.75, 14.75, 5.75, 15.75], "texture": "#0"},
				"east": {"uv": [4.75, 14.75, 5.75, 15.75], "texture": "#0"},
				"south": {"uv": [4.75, 14.75, 5.75, 15.75], "texture": "#0"},
				"west": {"uv": [4.75, 14.75, 5.75, 15.75], "texture": "#0"},
				"up": {"uv": [4.75, 14.75, 5.75, 15.75], "texture": "#0"},
				"down": {"uv": [4.75, 14.75, 5.75, 15.75], "texture": "#0"}
			}
		},
		{
			"name": "hexadecagon",
			"from": [7.7, 2.925, 8.3906],
			"to": [8.8, 3.325, 8.6094],
			"rotation": {"angle": 22.5, "axis": "y", "origin": [8.25, 3.025, 8.5]},
			"faces": {
				"north": {"uv": [4.75, 14.75, 5.75, 15.75], "texture": "#0"},
				"east": {"uv": [4.75, 14.75, 5.75, 15.75], "texture": "#0"},
				"south": {"uv": [4.75, 14.75, 5.75, 15.75], "texture": "#0"},
				"west": {"uv": [4.75, 14.75, 5.75, 15.75], "texture": "#0"},
				"up": {"uv": [4.75, 14.75, 5.75, 15.75], "texture": "#0"},
				"down": {"uv": [4.75, 14.75, 5.75, 15.75], "texture": "#0"}
			}
		},
		{
			"name": "hexadecagon",
			"from": [8.1406, 3.925, 7.95],
			"to": [8.3594, 4.325, 9.05],
			"rotation": {"angle": -45, "axis": "y", "origin": [8.25, 4.025, 8.5]},
			"faces": {
				"north": {"uv": [4.75, 14.75, 5.75, 15.75], "texture": "#0"},
				"east": {"uv": [4.75, 14.75, 5.75, 15.75], "texture": "#0"},
				"south": {"uv": [4.75, 14.75, 5.75, 15.75], "texture": "#0"},
				"west": {"uv": [4.75, 14.75, 5.75, 15.75], "texture": "#0"},
				"up": {"uv": [4.75, 14.75, 5.75, 15.75], "texture": "#0"},
				"down": {"uv": [4.75, 14.75, 5.75, 15.75], "texture": "#0"}
			}
		},
		{
			"name": "hexadecagon",
			"from": [8.1406, 3.925, 7.95],
			"to": [8.3594, 4.325, 9.05],
			"rotation": {"angle": -22.5, "axis": "y", "origin": [8.25, 4.025, 8.5]},
			"faces": {
				"north": {"uv": [4.75, 14.75, 5.75, 15.75], "texture": "#0"},
				"east": {"uv": [4.75, 14.75, 5.75, 15.75], "texture": "#0"},
				"south": {"uv": [4.75, 14.75, 5.75, 15.75], "texture": "#0"},
				"west": {"uv": [4.75, 14.75, 5.75, 15.75], "texture": "#0"},
				"up": {"uv": [4.75, 14.75, 5.75, 15.75], "texture": "#0"},
				"down": {"uv": [4.75, 14.75, 5.75, 15.75], "texture": "#0"}
			}
		},
		{
			"name": "hexadecagon",
			"from": [8.1406, 3.925, 7.95],
			"to": [8.3594, 4.325, 9.05],
			"rotation": {"angle": 0, "axis": "y", "origin": [8.25, 4.025, 8.5]},
			"faces": {
				"north": {"uv": [4.75, 14.75, 5.75, 15.75], "texture": "#0"},
				"east": {"uv": [4.75, 14.75, 5.75, 15.75], "texture": "#0"},
				"south": {"uv": [4.75, 14.75, 5.75, 15.75], "texture": "#0"},
				"west": {"uv": [4.75, 14.75, 5.75, 15.75], "texture": "#0"},
				"up": {"uv": [4.75, 14.75, 5.75, 15.75], "texture": "#0"},
				"down": {"uv": [4.75, 14.75, 5.75, 15.75], "texture": "#0"}
			}
		},
		{
			"name": "hexadecagon",
			"from": [8.1406, 3.925, 7.95],
			"to": [8.3594, 4.325, 9.05],
			"rotation": {"angle": 22.5, "axis": "y", "origin": [8.25, 4.025, 8.5]},
			"faces": {
				"north": {"uv": [4.75, 14.75, 5.75, 15.75], "texture": "#0"},
				"east": {"uv": [4.75, 14.75, 5.75, 15.75], "texture": "#0"},
				"south": {"uv": [4.75, 14.75, 5.75, 15.75], "texture": "#0"},
				"west": {"uv": [4.75, 14.75, 5.75, 15.75], "texture": "#0"},
				"up": {"uv": [4.75, 14.75, 5.75, 15.75], "texture": "#0"},
				"down": {"uv": [4.75, 14.75, 5.75, 15.75], "texture": "#0"}
			}
		},
		{
			"name": "hexadecagon",
			"from": [8.1406, 3.925, 7.95],
			"to": [8.3594, 4.325, 9.05],
			"rotation": {"angle": 45, "axis": "y", "origin": [8.25, 4.025, 8.5]},
			"faces": {
				"north": {"uv": [4.75, 14.75, 5.75, 15.75], "texture": "#0"},
				"east": {"uv": [4.75, 14.75, 5.75, 15.75], "texture": "#0"},
				"south": {"uv": [4.75, 14.75, 5.75, 15.75], "texture": "#0"},
				"west": {"uv": [4.75, 14.75, 5.75, 15.75], "texture": "#0"},
				"up": {"uv": [4.75, 14.75, 5.75, 15.75], "texture": "#0"},
				"down": {"uv": [4.75, 14.75, 5.75, 15.75], "texture": "#0"}
			}
		},
		{
			"name": "hexadecagon",
			"from": [7.7, 3.925, 8.3906],
			"to": [8.8, 4.325, 8.6094],
			"rotation": {"angle": -22.5, "axis": "y", "origin": [8.25, 4.025, 8.5]},
			"faces": {
				"north": {"uv": [4.75, 14.75, 5.75, 15.75], "texture": "#0"},
				"east": {"uv": [4.75, 14.75, 5.75, 15.75], "texture": "#0"},
				"south": {"uv": [4.75, 14.75, 5.75, 15.75], "texture": "#0"},
				"west": {"uv": [4.75, 14.75, 5.75, 15.75], "texture": "#0"},
				"up": {"uv": [4.75, 14.75, 5.75, 15.75], "texture": "#0"},
				"down": {"uv": [4.75, 14.75, 5.75, 15.75], "texture": "#0"}
			}
		},
		{
			"name": "hexadecagon",
			"from": [7.7, 3.925, 8.3906],
			"to": [8.8, 4.325, 8.6094],
			"rotation": {"angle": 0, "axis": "y", "origin": [8.25, 4.025, 8.5]},
			"faces": {
				"north": {"uv": [4.75, 14.75, 5.75, 15.75], "texture": "#0"},
				"east": {"uv": [4.75, 14.75, 5.75, 15.75], "texture": "#0"},
				"south": {"uv": [4.75, 14.75, 5.75, 15.75], "texture": "#0"},
				"west": {"uv": [4.75, 14.75, 5.75, 15.75], "texture": "#0"},
				"up": {"uv": [4.75, 14.75, 5.75, 15.75], "texture": "#0"},
				"down": {"uv": [4.75, 14.75, 5.75, 15.75], "texture": "#0"}
			}
		},
		{
			"name": "hexadecagon",
			"from": [7.7, 3.925, 8.3906],
			"to": [8.8, 4.325, 8.6094],
			"rotation": {"angle": 22.5, "axis": "y", "origin": [8.25, 4.025, 8.5]},
			"faces": {
				"north": {"uv": [4.75, 14.75, 5.75, 15.75], "texture": "#0"},
				"east": {"uv": [4.75, 14.75, 5.75, 15.75], "texture": "#0"},
				"south": {"uv": [4.75, 14.75, 5.75, 15.75], "texture": "#0"},
				"west": {"uv": [4.75, 14.75, 5.75, 15.75], "texture": "#0"},
				"up": {"uv": [4.75, 14.75, 5.75, 15.75], "texture": "#0"},
				"down": {"uv": [4.75, 14.75, 5.75, 15.75], "texture": "#0"}
			}
		},
		{
			"name": "hexadecagon",
			"from": [8.1406, 4.425, 7.95],
			"to": [8.3594, 4.825, 9.05],
			"rotation": {"angle": -45, "axis": "y", "origin": [8.25, 4.525, 8.5]},
			"faces": {
				"north": {"uv": [4.75, 14.75, 5.75, 15.75], "texture": "#0"},
				"east": {"uv": [4.75, 14.75, 5.75, 15.75], "texture": "#0"},
				"south": {"uv": [4.75, 14.75, 5.75, 15.75], "texture": "#0"},
				"west": {"uv": [4.75, 14.75, 5.75, 15.75], "texture": "#0"},
				"up": {"uv": [4.75, 14.75, 5.75, 15.75], "texture": "#0"},
				"down": {"uv": [4.75, 14.75, 5.75, 15.75], "texture": "#0"}
			}
		},
		{
			"name": "hexadecagon",
			"from": [8.1406, 4.425, 7.95],
			"to": [8.3594, 4.825, 9.05],
			"rotation": {"angle": -22.5, "axis": "y", "origin": [8.25, 4.525, 8.5]},
			"faces": {
				"north": {"uv": [4.75, 14.75, 5.75, 15.75], "texture": "#0"},
				"east": {"uv": [4.75, 14.75, 5.75, 15.75], "texture": "#0"},
				"south": {"uv": [4.75, 14.75, 5.75, 15.75], "texture": "#0"},
				"west": {"uv": [4.75, 14.75, 5.75, 15.75], "texture": "#0"},
				"up": {"uv": [4.75, 14.75, 5.75, 15.75], "texture": "#0"},
				"down": {"uv": [4.75, 14.75, 5.75, 15.75], "texture": "#0"}
			}
		},
		{
			"name": "hexadecagon",
			"from": [8.1406, 4.425, 7.95],
			"to": [8.3594, 4.825, 9.05],
			"rotation": {"angle": 0, "axis": "y", "origin": [8.25, 4.525, 8.5]},
			"faces": {
				"north": {"uv": [4.75, 14.75, 5.75, 15.75], "texture": "#0"},
				"east": {"uv": [4.75, 14.75, 5.75, 15.75], "texture": "#0"},
				"south": {"uv": [4.75, 14.75, 5.75, 15.75], "texture": "#0"},
				"west": {"uv": [4.75, 14.75, 5.75, 15.75], "texture": "#0"},
				"up": {"uv": [4.75, 14.75, 5.75, 15.75], "texture": "#0"},
				"down": {"uv": [4.75, 14.75, 5.75, 15.75], "texture": "#0"}
			}
		},
		{
			"name": "hexadecagon",
			"from": [8.1406, 4.425, 7.95],
			"to": [8.3594, 4.825, 9.05],
			"rotation": {"angle": 22.5, "axis": "y", "origin": [8.25, 4.525, 8.5]},
			"faces": {
				"north": {"uv": [4.75, 14.75, 5.75, 15.75], "texture": "#0"},
				"east": {"uv": [4.75, 14.75, 5.75, 15.75], "texture": "#0"},
				"south": {"uv": [4.75, 14.75, 5.75, 15.75], "texture": "#0"},
				"west": {"uv": [4.75, 14.75, 5.75, 15.75], "texture": "#0"},
				"up": {"uv": [4.75, 14.75, 5.75, 15.75], "texture": "#0"},
				"down": {"uv": [4.75, 14.75, 5.75, 15.75], "texture": "#0"}
			}
		},
		{
			"name": "hexadecagon",
			"from": [8.1406, 4.425, 7.95],
			"to": [8.3594, 4.825, 9.05],
			"rotation": {"angle": 45, "axis": "y", "origin": [8.25, 4.525, 8.5]},
			"faces": {
				"north": {"uv": [4.75, 14.75, 5.75, 15.75], "texture": "#0"},
				"east": {"uv": [4.75, 14.75, 5.75, 15.75], "texture": "#0"},
				"south": {"uv": [4.75, 14.75, 5.75, 15.75], "texture": "#0"},
				"west": {"uv": [4.75, 14.75, 5.75, 15.75], "texture": "#0"},
				"up": {"uv": [4.75, 14.75, 5.75, 15.75], "texture": "#0"},
				"down": {"uv": [4.75, 14.75, 5.75, 15.75], "texture": "#0"}
			}
		},
		{
			"name": "hexadecagon",
			"from": [7.7, 4.425, 8.3906],
			"to": [8.8, 4.825, 8.6094],
			"rotation": {"angle": -22.5, "axis": "y", "origin": [8.25, 4.525, 8.5]},
			"faces": {
				"north": {"uv": [4.75, 14.75, 5.75, 15.75], "texture": "#0"},
				"east": {"uv": [4.75, 14.75, 5.75, 15.75], "texture": "#0"},
				"south": {"uv": [4.75, 14.75, 5.75, 15.75], "texture": "#0"},
				"west": {"uv": [4.75, 14.75, 5.75, 15.75], "texture": "#0"},
				"up": {"uv": [4.75, 14.75, 5.75, 15.75], "texture": "#0"},
				"down": {"uv": [4.75, 14.75, 5.75, 15.75], "texture": "#0"}
			}
		},
		{
			"name": "hexadecagon",
			"from": [7.7, 4.425, 8.3906],
			"to": [8.8, 4.825, 8.6094],
			"rotation": {"angle": 0, "axis": "y", "origin": [8.25, 4.525, 8.5]},
			"faces": {
				"north": {"uv": [4.75, 14.75, 5.75, 15.75], "texture": "#0"},
				"east": {"uv": [4.75, 14.75, 5.75, 15.75], "texture": "#0"},
				"south": {"uv": [4.75, 14.75, 5.75, 15.75], "texture": "#0"},
				"west": {"uv": [4.75, 14.75, 5.75, 15.75], "texture": "#0"},
				"up": {"uv": [4.75, 14.75, 5.75, 15.75], "texture": "#0"},
				"down": {"uv": [4.75, 14.75, 5.75, 15.75], "texture": "#0"}
			}
		},
		{
			"name": "hexadecagon",
			"from": [7.7, 4.425, 8.3906],
			"to": [8.8, 4.825, 8.6094],
			"rotation": {"angle": 22.5, "axis": "y", "origin": [8.25, 4.525, 8.5]},
			"faces": {
				"north": {"uv": [4.75, 14.75, 5.75, 15.75], "texture": "#0"},
				"east": {"uv": [4.75, 14.75, 5.75, 15.75], "texture": "#0"},
				"south": {"uv": [4.75, 14.75, 5.75, 15.75], "texture": "#0"},
				"west": {"uv": [4.75, 14.75, 5.75, 15.75], "texture": "#0"},
				"up": {"uv": [4.75, 14.75, 5.75, 15.75], "texture": "#0"},
				"down": {"uv": [4.75, 14.75, 5.75, 15.75], "texture": "#0"}
			}
		},
		{
			"name": "hexadecagon",
			"from": [8.1406, 4.925, 7.95],
			"to": [8.3594, 5.325, 9.05],
			"rotation": {"angle": -45, "axis": "y", "origin": [8.25, 5.025, 8.5]},
			"faces": {
				"north": {"uv": [4.75, 14.75, 5.75, 15.75], "texture": "#0"},
				"east": {"uv": [4.75, 14.75, 5.75, 15.75], "texture": "#0"},
				"south": {"uv": [4.75, 14.75, 5.75, 15.75], "texture": "#0"},
				"west": {"uv": [4.75, 14.75, 5.75, 15.75], "texture": "#0"},
				"up": {"uv": [4.75, 14.75, 5.75, 15.75], "texture": "#0"},
				"down": {"uv": [4.75, 14.75, 5.75, 15.75], "texture": "#0"}
			}
		},
		{
			"name": "hexadecagon",
			"from": [8.1406, 4.925, 7.95],
			"to": [8.3594, 5.325, 9.05],
			"rotation": {"angle": -22.5, "axis": "y", "origin": [8.25, 5.025, 8.5]},
			"faces": {
				"north": {"uv": [4.75, 14.75, 5.75, 15.75], "texture": "#0"},
				"east": {"uv": [4.75, 14.75, 5.75, 15.75], "texture": "#0"},
				"south": {"uv": [4.75, 14.75, 5.75, 15.75], "texture": "#0"},
				"west": {"uv": [4.75, 14.75, 5.75, 15.75], "texture": "#0"},
				"up": {"uv": [4.75, 14.75, 5.75, 15.75], "texture": "#0"},
				"down": {"uv": [4.75, 14.75, 5.75, 15.75], "texture": "#0"}
			}
		},
		{
			"name": "hexadecagon",
			"from": [8.1406, 4.925, 7.95],
			"to": [8.3594, 5.325, 9.05],
			"rotation": {"angle": 0, "axis": "y", "origin": [8.25, 5.025, 8.5]},
			"faces": {
				"north": {"uv": [4.75, 14.75, 5.75, 15.75], "texture": "#0"},
				"east": {"uv": [4.75, 14.75, 5.75, 15.75], "texture": "#0"},
				"south": {"uv": [4.75, 14.75, 5.75, 15.75], "texture": "#0"},
				"west": {"uv": [4.75, 14.75, 5.75, 15.75], "texture": "#0"},
				"up": {"uv": [4.75, 14.75, 5.75, 15.75], "texture": "#0"},
				"down": {"uv": [4.75, 14.75, 5.75, 15.75], "texture": "#0"}
			}
		},
		{
			"name": "hexadecagon",
			"from": [8.1406, 4.925, 7.95],
			"to": [8.3594, 5.325, 9.05],
			"rotation": {"angle": 22.5, "axis": "y", "origin": [8.25, 5.025, 8.5]},
			"faces": {
				"north": {"uv": [4.75, 14.75, 5.75, 15.75], "texture": "#0"},
				"east": {"uv": [4.75, 14.75, 5.75, 15.75], "texture": "#0"},
				"south": {"uv": [4.75, 14.75, 5.75, 15.75], "texture": "#0"},
				"west": {"uv": [4.75, 14.75, 5.75, 15.75], "texture": "#0"},
				"up": {"uv": [4.75, 14.75, 5.75, 15.75], "texture": "#0"},
				"down": {"uv": [4.75, 14.75, 5.75, 15.75], "texture": "#0"}
			}
		},
		{
			"name": "hexadecagon",
			"from": [8.1406, 4.925, 7.95],
			"to": [8.3594, 5.325, 9.05],
			"rotation": {"angle": 45, "axis": "y", "origin": [8.25, 5.025, 8.5]},
			"faces": {
				"north": {"uv": [4.75, 14.75, 5.75, 15.75], "texture": "#0"},
				"east": {"uv": [4.75, 14.75, 5.75, 15.75], "texture": "#0"},
				"south": {"uv": [4.75, 14.75, 5.75, 15.75], "texture": "#0"},
				"west": {"uv": [4.75, 14.75, 5.75, 15.75], "texture": "#0"},
				"up": {"uv": [4.75, 14.75, 5.75, 15.75], "texture": "#0"},
				"down": {"uv": [4.75, 14.75, 5.75, 15.75], "texture": "#0"}
			}
		},
		{
			"name": "hexadecagon",
			"from": [7.7, 4.925, 8.3906],
			"to": [8.8, 5.325, 8.6094],
			"rotation": {"angle": -22.5, "axis": "y", "origin": [8.25, 5.025, 8.5]},
			"faces": {
				"north": {"uv": [4.75, 14.75, 5.75, 15.75], "texture": "#0"},
				"east": {"uv": [4.75, 14.75, 5.75, 15.75], "texture": "#0"},
				"south": {"uv": [4.75, 14.75, 5.75, 15.75], "texture": "#0"},
				"west": {"uv": [4.75, 14.75, 5.75, 15.75], "texture": "#0"},
				"up": {"uv": [4.75, 14.75, 5.75, 15.75], "texture": "#0"},
				"down": {"uv": [4.75, 14.75, 5.75, 15.75], "texture": "#0"}
			}
		},
		{
			"name": "hexadecagon",
			"from": [7.7, 4.925, 8.3906],
			"to": [8.8, 5.325, 8.6094],
			"rotation": {"angle": 0, "axis": "y", "origin": [8.25, 5.025, 8.5]},
			"faces": {
				"north": {"uv": [4.75, 14.75, 5.75, 15.75], "texture": "#0"},
				"east": {"uv": [4.75, 14.75, 5.75, 15.75], "texture": "#0"},
				"south": {"uv": [4.75, 14.75, 5.75, 15.75], "texture": "#0"},
				"west": {"uv": [4.75, 14.75, 5.75, 15.75], "texture": "#0"},
				"up": {"uv": [4.75, 14.75, 5.75, 15.75], "texture": "#0"},
				"down": {"uv": [4.75, 14.75, 5.75, 15.75], "texture": "#0"}
			}
		},
		{
			"name": "hexadecagon",
			"from": [7.7, 4.925, 8.3906],
			"to": [8.8, 5.325, 8.6094],
			"rotation": {"angle": 22.5, "axis": "y", "origin": [8.25, 5.025, 8.5]},
			"faces": {
				"north": {"uv": [4.75, 14.75, 5.75, 15.75], "texture": "#0"},
				"east": {"uv": [4.75, 14.75, 5.75, 15.75], "texture": "#0"},
				"south": {"uv": [4.75, 14.75, 5.75, 15.75], "texture": "#0"},
				"west": {"uv": [4.75, 14.75, 5.75, 15.75], "texture": "#0"},
				"up": {"uv": [4.75, 14.75, 5.75, 15.75], "texture": "#0"},
				"down": {"uv": [4.75, 14.75, 5.75, 15.75], "texture": "#0"}
			}
		},
		{
			"name": "hexadecagon",
			"from": [8.1406, 15.925, 7.95],
			"to": [8.3594, 16.325, 9.05],
			"rotation": {"angle": -45, "axis": "y", "origin": [8.25, 16.025, 8.5]},
			"faces": {
				"north": {"uv": [5, 14, 6, 15], "texture": "#0"},
				"east": {"uv": [5, 14, 6, 15], "texture": "#0"},
				"south": {"uv": [5, 14, 6, 15], "texture": "#0"},
				"west": {"uv": [5, 14, 6, 15], "texture": "#0"},
				"up": {"uv": [5, 14, 6, 15], "texture": "#0"},
				"down": {"uv": [5, 14, 6, 15], "texture": "#0"}
			}
		},
		{
			"name": "hexadecagon",
			"from": [8.1406, 15.925, 7.95],
			"to": [8.3594, 16.325, 9.05],
			"rotation": {"angle": -22.5, "axis": "y", "origin": [8.25, 16.025, 8.5]},
			"faces": {
				"north": {"uv": [5, 14, 6, 15], "texture": "#0"},
				"east": {"uv": [5, 14, 6, 15], "texture": "#0"},
				"south": {"uv": [5, 14, 6, 15], "texture": "#0"},
				"west": {"uv": [5, 14, 6, 15], "texture": "#0"},
				"up": {"uv": [5, 14, 6, 15], "texture": "#0"},
				"down": {"uv": [5, 14, 6, 15], "texture": "#0"}
			}
		},
		{
			"name": "hexadecagon",
			"from": [8.1406, 15.925, 7.95],
			"to": [8.3594, 16.325, 9.05],
			"rotation": {"angle": 0, "axis": "y", "origin": [8.25, 16.025, 8.5]},
			"faces": {
				"north": {"uv": [5, 14, 6, 15], "texture": "#0"},
				"east": {"uv": [5, 14, 6, 15], "texture": "#0"},
				"south": {"uv": [5, 14, 6, 15], "texture": "#0"},
				"west": {"uv": [5, 14, 6, 15], "texture": "#0"},
				"up": {"uv": [5, 14, 6, 15], "texture": "#0"},
				"down": {"uv": [5, 14, 6, 15], "texture": "#0"}
			}
		},
		{
			"name": "hexadecagon",
			"from": [8.1406, 15.925, 7.95],
			"to": [8.3594, 16.325, 9.05],
			"rotation": {"angle": 22.5, "axis": "y", "origin": [8.25, 16.025, 8.5]},
			"faces": {
				"north": {"uv": [5, 14, 6, 15], "texture": "#0"},
				"east": {"uv": [5, 14, 6, 15], "texture": "#0"},
				"south": {"uv": [5, 14, 6, 15], "texture": "#0"},
				"west": {"uv": [5, 14, 6, 15], "texture": "#0"},
				"up": {"uv": [5, 14, 6, 15], "texture": "#0"},
				"down": {"uv": [5, 14, 6, 15], "texture": "#0"}
			}
		},
		{
			"name": "hexadecagon",
			"from": [8.1406, 15.925, 7.95],
			"to": [8.3594, 16.325, 9.05],
			"rotation": {"angle": 45, "axis": "y", "origin": [8.25, 16.025, 8.5]},
			"faces": {
				"north": {"uv": [5, 14, 6, 15], "texture": "#0"},
				"east": {"uv": [5, 14, 6, 15], "texture": "#0"},
				"south": {"uv": [5, 14, 6, 15], "texture": "#0"},
				"west": {"uv": [5, 14, 6, 15], "texture": "#0"},
				"up": {"uv": [5, 14, 6, 15], "texture": "#0"},
				"down": {"uv": [5, 14, 6, 15], "texture": "#0"}
			}
		},
		{
			"name": "hexadecagon",
			"from": [7.7, 15.925, 8.3906],
			"to": [8.8, 16.325, 8.6094],
			"rotation": {"angle": -22.5, "axis": "y", "origin": [8.25, 16.025, 8.5]},
			"faces": {
				"north": {"uv": [5, 14, 6, 15], "texture": "#0"},
				"east": {"uv": [5, 14, 6, 15], "texture": "#0"},
				"south": {"uv": [5, 14, 6, 15], "texture": "#0"},
				"west": {"uv": [5, 14, 6, 15], "texture": "#0"},
				"up": {"uv": [5, 14, 6, 15], "texture": "#0"},
				"down": {"uv": [5, 14, 6, 15], "texture": "#0"}
			}
		},
		{
			"name": "hexadecagon",
			"from": [7.7, 15.925, 8.3906],
			"to": [8.8, 16.325, 8.6094],
			"rotation": {"angle": 0, "axis": "y", "origin": [8.25, 16.025, 8.5]},
			"faces": {
				"north": {"uv": [5, 14, 6, 15], "texture": "#0"},
				"east": {"uv": [5, 14, 6, 15], "texture": "#0"},
				"south": {"uv": [5, 14, 6, 15], "texture": "#0"},
				"west": {"uv": [5, 14, 6, 15], "texture": "#0"},
				"up": {"uv": [5, 14, 6, 15], "texture": "#0"},
				"down": {"uv": [5, 14, 6, 15], "texture": "#0"}
			}
		},
		{
			"name": "hexadecagon",
			"from": [7.7, 15.925, 8.3906],
			"to": [8.8, 16.325, 8.6094],
			"rotation": {"angle": 22.5, "axis": "y", "origin": [8.25, 16.025, 8.5]},
			"faces": {
				"north": {"uv": [5, 14, 6, 15], "texture": "#0"},
				"east": {"uv": [5, 14, 6, 15], "texture": "#0"},
				"south": {"uv": [5, 14, 6, 15], "texture": "#0"},
				"west": {"uv": [5, 14, 6, 15], "texture": "#0"},
				"up": {"uv": [5, 14, 6, 15], "texture": "#0"},
				"down": {"uv": [5, 14, 6, 15], "texture": "#0"}
			}
		},
		{
			"name": "hexadecagon",
			"from": [4.7, 5.67554, 8],
			"to": [8.15, 5.87446, 9],
			"rotation": {"angle": 45, "axis": "x", "origin": [8.05, 5.775, 8.5]},
			"faces": {
				"north": {"uv": [4, 4, 5, 5], "rotation": 90, "texture": "#0"},
				"east": {"uv": [4, 4, 5, 5], "rotation": 90, "texture": "#0"},
				"south": {"uv": [4, 4, 5, 5], "rotation": 90, "texture": "#0"},
				"west": {"uv": [4, 4, 5, 5], "rotation": 90, "texture": "#0"},
				"up": {"uv": [4, 4, 5, 5], "rotation": 90, "texture": "#0"},
				"down": {"uv": [4, 4, 5, 5], "rotation": 90, "texture": "#0"}
			}
		},
		{
			"name": "hexadecagon",
			"from": [4.7, 5.67554, 8],
			"to": [8.15, 5.87446, 9],
			"rotation": {"angle": 22.5, "axis": "x", "origin": [8.05, 5.775, 8.5]},
			"faces": {
				"north": {"uv": [4, 4, 5, 5], "rotation": 90, "texture": "#0"},
				"east": {"uv": [4, 4, 5, 5], "rotation": 90, "texture": "#0"},
				"south": {"uv": [4, 4, 5, 5], "rotation": 90, "texture": "#0"},
				"west": {"uv": [4, 4, 5, 5], "rotation": 90, "texture": "#0"},
				"up": {"uv": [4, 4, 5, 5], "rotation": 90, "texture": "#0"},
				"down": {"uv": [4, 4, 5, 5], "rotation": 90, "texture": "#0"}
			}
		},
		{
			"name": "hexadecagon",
			"from": [4.7, 5.67554, 8],
			"to": [8.15, 5.87446, 9],
			"rotation": {"angle": 0, "axis": "y", "origin": [8.05, 5.775, 8.5]},
			"faces": {
				"north": {"uv": [4, 4, 5, 5], "rotation": 90, "texture": "#0"},
				"east": {"uv": [4, 4, 5, 5], "rotation": 90, "texture": "#0"},
				"south": {"uv": [4, 4, 5, 5], "rotation": 90, "texture": "#0"},
				"west": {"uv": [4, 4, 5, 5], "rotation": 90, "texture": "#0"},
				"up": {"uv": [4, 4, 5, 5], "rotation": 90, "texture": "#0"},
				"down": {"uv": [4, 4, 5, 5], "rotation": 90, "texture": "#0"}
			}
		},
		{
			"name": "hexadecagon",
			"from": [4.7, 5.67554, 8],
			"to": [8.15, 5.87446, 9],
			"rotation": {"angle": -22.5, "axis": "x", "origin": [8.05, 5.775, 8.5]},
			"faces": {
				"north": {"uv": [4, 4, 5, 5], "rotation": 90, "texture": "#0"},
				"east": {"uv": [4, 4, 5, 5], "rotation": 90, "texture": "#0"},
				"south": {"uv": [4, 4, 5, 5], "rotation": 90, "texture": "#0"},
				"west": {"uv": [4, 4, 5, 5], "rotation": 90, "texture": "#0"},
				"up": {"uv": [4, 4, 5, 5], "rotation": 90, "texture": "#0"},
				"down": {"uv": [4, 4, 5, 5], "rotation": 90, "texture": "#0"}
			}
		},
		{
			"name": "hexadecagon",
			"from": [4.7, 5.67554, 8],
			"to": [8.15, 5.87446, 9],
			"rotation": {"angle": -45, "axis": "x", "origin": [8.05, 5.775, 8.5]},
			"faces": {
				"north": {"uv": [4, 4, 5, 5], "rotation": 90, "texture": "#0"},
				"east": {"uv": [4, 4, 5, 5], "rotation": 90, "texture": "#0"},
				"south": {"uv": [4, 4, 5, 5], "rotation": 90, "texture": "#0"},
				"west": {"uv": [4, 4, 5, 5], "rotation": 90, "texture": "#0"},
				"up": {"uv": [4, 4, 5, 5], "rotation": 90, "texture": "#0"},
				"down": {"uv": [4, 4, 5, 5], "rotation": 90, "texture": "#0"}
			}
		},
		{
			"name": "hexadecagon",
			"from": [4.7, 5.275, 8.40054],
			"to": [8.15, 6.275, 8.59946],
			"rotation": {"angle": 22.5, "axis": "x", "origin": [8.05, 5.775, 8.5]},
			"faces": {
				"north": {"uv": [4, 4, 5, 5], "rotation": 90, "texture": "#0"},
				"east": {"uv": [4, 4, 5, 5], "rotation": 90, "texture": "#0"},
				"south": {"uv": [4, 4, 5, 5], "rotation": 90, "texture": "#0"},
				"west": {"uv": [4, 4, 5, 5], "rotation": 90, "texture": "#0"},
				"up": {"uv": [4, 4, 5, 5], "rotation": 90, "texture": "#0"},
				"down": {"uv": [4, 4, 5, 5], "rotation": 90, "texture": "#0"}
			}
		},
		{
			"name": "hexadecagon",
			"from": [4.7, 5.275, 8.40054],
			"to": [8.15, 6.275, 8.59946],
			"rotation": {"angle": 0, "axis": "y", "origin": [8.05, 5.775, 8.5]},
			"faces": {
				"north": {"uv": [4, 4, 5, 5], "rotation": 90, "texture": "#0"},
				"east": {"uv": [4, 4, 5, 5], "rotation": 90, "texture": "#0"},
				"south": {"uv": [4, 4, 5, 5], "rotation": 90, "texture": "#0"},
				"west": {"uv": [4, 4, 5, 5], "rotation": 90, "texture": "#0"},
				"up": {"uv": [4, 4, 5, 5], "rotation": 90, "texture": "#0"},
				"down": {"uv": [4, 4, 5, 5], "rotation": 90, "texture": "#0"}
			}
		},
		{
			"name": "hexadecagon",
			"from": [4.7, 5.275, 8.40054],
			"to": [8.15, 6.275, 8.59946],
			"rotation": {"angle": -22.5, "axis": "x", "origin": [8.05, 5.775, 8.5]},
			"faces": {
				"north": {"uv": [4, 4, 5, 5], "rotation": 90, "texture": "#0"},
				"east": {"uv": [4, 4, 5, 5], "rotation": 90, "texture": "#0"},
				"south": {"uv": [4, 4, 5, 5], "rotation": 90, "texture": "#0"},
				"west": {"uv": [4, 4, 5, 5], "rotation": 90, "texture": "#0"},
				"up": {"uv": [4, 4, 5, 5], "rotation": 90, "texture": "#0"},
				"down": {"uv": [4, 4, 5, 5], "rotation": 90, "texture": "#0"}
			}
		},
		{
			"name": "hexadecagon",
			"from": [4.525, 5.6656, 7.95],
			"to": [4.725, 5.8844, 9.05],
			"rotation": {"angle": -45, "axis": "x", "origin": [4.625, 5.775, 8.5]},
			"faces": {
				"north": {"uv": [5, 14, 6, 15], "texture": "#0"},
				"east": {"uv": [5, 14, 6, 15], "texture": "#0"},
				"south": {"uv": [5, 14, 6, 15], "texture": "#0"},
				"west": {"uv": [5, 14, 6, 15], "texture": "#0"},
				"up": {"uv": [5, 14, 6, 15], "texture": "#0"},
				"down": {"uv": [5, 14, 6, 15], "texture": "#0"}
			}
		},
		{
			"name": "hexadecagon",
			"from": [4.525, 5.6656, 7.95],
			"to": [4.725, 5.8844, 9.05],
			"rotation": {"angle": -22.5, "axis": "x", "origin": [4.625, 5.775, 8.5]},
			"faces": {
				"north": {"uv": [5, 14, 6, 15], "texture": "#0"},
				"east": {"uv": [5, 14, 6, 15], "texture": "#0"},
				"south": {"uv": [5, 14, 6, 15], "texture": "#0"},
				"west": {"uv": [5, 14, 6, 15], "texture": "#0"},
				"up": {"uv": [5, 14, 6, 15], "texture": "#0"},
				"down": {"uv": [5, 14, 6, 15], "texture": "#0"}
			}
		},
		{
			"name": "hexadecagon",
			"from": [4.525, 5.6656, 7.95],
			"to": [4.725, 5.8844, 9.05],
			"rotation": {"angle": 0, "axis": "x", "origin": [4.625, 5.775, 8.5]},
			"faces": {
				"north": {"uv": [5, 14, 6, 15], "texture": "#0"},
				"east": {"uv": [5, 14, 6, 15], "texture": "#0"},
				"south": {"uv": [5, 14, 6, 15], "texture": "#0"},
				"west": {"uv": [5, 14, 6, 15], "texture": "#0"},
				"up": {"uv": [5, 14, 6, 15], "texture": "#0"},
				"down": {"uv": [5, 14, 6, 15], "texture": "#0"}
			}
		},
		{
			"name": "hexadecagon",
			"from": [4.525, 5.6656, 7.95],
			"to": [4.725, 5.8844, 9.05],
			"rotation": {"angle": 22.5, "axis": "x", "origin": [4.625, 5.775, 8.5]},
			"faces": {
				"north": {"uv": [5, 14, 6, 15], "texture": "#0"},
				"east": {"uv": [5, 14, 6, 15], "texture": "#0"},
				"south": {"uv": [5, 14, 6, 15], "texture": "#0"},
				"west": {"uv": [5, 14, 6, 15], "texture": "#0"},
				"up": {"uv": [5, 14, 6, 15], "texture": "#0"},
				"down": {"uv": [5, 14, 6, 15], "texture": "#0"}
			}
		},
		{
			"name": "hexadecagon",
			"from": [4.525, 5.6656, 7.95],
			"to": [4.725, 5.8844, 9.05],
			"rotation": {"angle": 45, "axis": "x", "origin": [4.625, 5.775, 8.5]},
			"faces": {
				"north": {"uv": [5, 14, 6, 15], "texture": "#0"},
				"east": {"uv": [5, 14, 6, 15], "texture": "#0"},
				"south": {"uv": [5, 14, 6, 15], "texture": "#0"},
				"west": {"uv": [5, 14, 6, 15], "texture": "#0"},
				"up": {"uv": [5, 14, 6, 15], "texture": "#0"},
				"down": {"uv": [5, 14, 6, 15], "texture": "#0"}
			}
		},
		{
			"name": "hexadecagon",
			"from": [4.525, 5.225, 8.3906],
			"to": [4.725, 6.325, 8.6094],
			"rotation": {"angle": -22.5, "axis": "x", "origin": [4.625, 5.775, 8.5]},
			"faces": {
				"north": {"uv": [5, 14, 6, 15], "texture": "#0"},
				"east": {"uv": [5, 14, 6, 15], "texture": "#0"},
				"south": {"uv": [5, 14, 6, 15], "texture": "#0"},
				"west": {"uv": [5, 14, 6, 15], "texture": "#0"},
				"up": {"uv": [5, 14, 6, 15], "texture": "#0"},
				"down": {"uv": [5, 14, 6, 15], "texture": "#0"}
			}
		},
		{
			"name": "hexadecagon",
			"from": [4.525, 5.225, 8.3906],
			"to": [4.725, 6.325, 8.6094],
			"rotation": {"angle": 0, "axis": "x", "origin": [4.625, 5.775, 8.5]},
			"faces": {
				"north": {"uv": [5, 14, 6, 15], "texture": "#0"},
				"east": {"uv": [5, 14, 6, 15], "texture": "#0"},
				"south": {"uv": [5, 14, 6, 15], "texture": "#0"},
				"west": {"uv": [5, 14, 6, 15], "texture": "#0"},
				"up": {"uv": [5, 14, 6, 15], "texture": "#0"},
				"down": {"uv": [5, 14, 6, 15], "texture": "#0"}
			}
		},
		{
			"name": "hexadecagon",
			"from": [4.525, 5.225, 8.3906],
			"to": [4.725, 6.325, 8.6094],
			"rotation": {"angle": 22.5, "axis": "x", "origin": [4.625, 5.775, 8.5]},
			"faces": {
				"north": {"uv": [5, 14, 6, 15], "texture": "#0"},
				"east": {"uv": [5, 14, 6, 15], "texture": "#0"},
				"south": {"uv": [5, 14, 6, 15], "texture": "#0"},
				"west": {"uv": [5, 14, 6, 15], "texture": "#0"},
				"up": {"uv": [5, 14, 6, 15], "texture": "#0"},
				"down": {"uv": [5, 14, 6, 15], "texture": "#0"}
			}
		}
	],
	"display": {
		"thirdperson_righthand": {
			"translation": [0, 3.25, 0]
		},
		"thirdperson_lefthand": {
			"translation": [0, 3.25, 0]
		},
		"firstperson_righthand": {
			"rotation": [0, 102, 0],
			"translation": [0, 5.25, 0]
		},
		"firstperson_lefthand": {
			"rotation": [0, 102, 0],
			"translation": [0, 5.25, 0],
			"scale": [-1, 1, 1]
		},
		"ground": {
			"scale": [0.34, 0.34, 0.34]
		},
		"gui": {
			"rotation": [4, 29, 39],
			"scale": [1.2, 1.2, 1.2]
		},
		"fixed": {
			"translation": [0, 0, -1]
		}
	},
	"groups": [
		{
			"name": "hexadecagon",
			"origin": [8, 8, 8],
			"children": [0, 1, 2, 3, 4, 5, 6, 7]
		},
		{
			"name": "hexadecagon",
			"origin": [8, 8, 8],
			"children": [8, 9, 10, 11, 12, 13, 14, 15]
		},
		{
			"name": "hexadecagon",
			"origin": [8, 8, 8],
			"children": [16, 17, 18, 19, 20, 21, 22, 23]
		},
		{
			"name": "hexadecagon",
			"origin": [8, 8, 8],
			"children": [24, 25, 26, 27, 28, 29, 30, 31]
		},
		{
			"name": "hexadecagon",
			"origin": [8, 8, 8],
			"children": [32, 33, 34, 35, 36, 37, 38, 39]
		},
		{
			"name": "hexadecagon",
			"origin": [8, 8, 8],
			"children": [40, 41, 42, 43, 44, 45, 46, 47]
		},
		{
			"name": "hexadecagon",
			"origin": [8, 8, 8],
			"children": [48, 49, 50, 51, 52, 53, 54, 55]
		},
		{
			"name": "hexadecagon",
			"origin": [8, 8, 8],
			"children": [56, 57, 58, 59, 60, 61, 62, 63]
		},
		{
			"name": "hexadecagon",
			"origin": [8, 8, 8],
			"children": [64, 65, 66, 67, 68, 69, 70, 71]
		},
		{
			"name": "hexadecagon",
			"origin": [8, 8, 8],
			"children": [72, 73, 74, 75, 76, 77, 78, 79]
		},
		{
			"name": "hexadecagon",
			"origin": [8, 8, 8],
			"children": [80, 81, 82, 83, 84, 85, 86, 87]
		},
		{
			"name": "hexadecagon",
			"origin": [8, 8, 8],
			"children": [88, 89, 90, 91, 92, 93, 94, 95]
		},
		{
			"name": "hexadecagon",
			"origin": [8, 8, 8],
			"children": [96, 97, 98, 99, 100, 101, 102, 103]
		}
	]
}