{
	"credit": "Made with Blockbench",
	"textures": {
		"spyglass": "./spyglass_model"
	},
	"elements": [
		{
			"from": [5.9, 7.4, 4.9],
			"to": [10.1, 8.6, 12.1],
			"faces": {
				"north": {"uv": [0, 7, 2, 13], "texture": "#spyglass"},
				"east": {"uv": [0, 7, 2, 13], "texture": "#spyglass"},
				"south": {"uv": [0, 7, 2, 13], "texture": "#spyglass"},
				"west": {"uv": [0, 7, 2, 13], "texture": "#spyglass"},
				"up": {"uv": [8, 5, 16, 16], "texture": "#spyglass"},
				"down": {"uv": [2, 5, 8, 16], "texture": "#spyglass"}
			}
		}
	],
	"gui_light": "front",
	"display": {
		"thirdperson_righthand": {
			"rotation": [100, 11, 52],
			"translation": [-1.75, 0.5, -1.25]
		},
		"thirdperson_lefthand": {
			"rotation": [100, 11, 52],
			"translation": [-2, 0.5, -1.5]
		},
		"firstperson_righthand": {
			"rotation": [71, 1, 36],
			"translation": [-0.5, 4, 0]
		},
		"firstperson_lefthand": {
			"rotation": [62, 0, 40],
			"translation": [-1.5, 3.75, 0]
		},
		"ground": {
			"rotation": [90, 0, 0],
			"scale": [0.7, 0.7, 0.7]
		},
		"gui": {
			"rotation": [79, -12, 10],
			"translation": [0, 0.75, 0],
			"scale": [1.5, 1.5, 1.5]
		},
		"head": {
			"rotation": [90, 0, 0],
			"translation": [0, 0, -16],
			"scale": [1.6, 1.6, 1.6]
		},
		"fixed": {
			"rotation": [-90, 0, 0],
			"translation": [0, 0, -0.5],
			"scale": [1.5, 1.5, 1.5]
		}
	},
	"groups": [
		{
			"name": "spyglass_in_hand",
			"origin": [8, 8, 8],
			"children": [0]
		}
	]
}